Term|NES,CSS
D4Z4_interactome,0.14243069934633276
DUX4_target,0.10407047642929354
PAX7_target,0.10010566597023356
