Term|NES,CSS,Repeat_length
D4Z4_interactome,0.16342937499411636,-0.027453372662434406
DUX4_target,0.2533580951323499,0.40516683457817865
PAX7_target,0.10344965769159749,0.25513128711446964
