Term|NES,Repeat_length
D4Z4_interactome,-0.45942675472858735
DUX4_target,0.4824599690112727
PAX7_target,0.6318365825177905
