Term|NES,CSS,Repeat_length
D4Z4_interactome,0.05888079773939517,0.1193116917952426
DUX4_target,0.06619097063956032,-0.10803522367857633
PAX7_target,0.22639759897551356,-0.11350445226784601
